[
  {
    "store_name": "Pattes et Griffes (Sainte‑Thérèse)",
    "address": "190 Boulevard du Curé-Labelle",
    "city": "Sainte-Thérèse",
    "province": "QC",
    "postal_code": "J7E 2X5",
    "phone": "1-450-818-1310",
    "website": "https://www.pattesgriffes.com/pages/trouvez-une-boutique",
    "lat": 45.6430164,
    "lng": -73.8331083
  },
  {
    "store_name": "Chico (Sainte‑Thérèse)",
    "address": "95 Boulevard du Curé-Labelle",
    "city": "Sainte-Thérèse",
    "province": "QC",
    "postal_code": "J7E 2Z7",
    "phone": "1-450-965-3906",
    "website": "https://www.chico.ca/boutique/chico-sainte-therese/",
    "lat": 45.64339,
    "lng": -73.83419
  },
  {
    "store_name": "Chico (Sainte‑Marthe‑sur‑le‑Lac)",
    "address": "2860 B Boulevard des Promenades",
    "city": "Sainte-Marthe-sur-le-Lac",
    "province": "QC",
    "postal_code": "J0N 1P0",
    "phone": "1-450-598-2860",
    "website": "https://www.chico.ca/boutique/chico-ste-marthe/",
    "lat": 45.5328347,
    "lng": -73.9316431
  },
  {
    "store_name": "Animal Shop GIGI",
    "address": "356 Boulevard Arthur-Sauvé",
    "city": "Saint-Eustache",
    "province": "QC",
    "postal_code": "J7R 2J3",
    "phone": "1-450-598-3444",
    "website": "https://www.animaleriegigi.com/",
    "lat": 45.5600964,
    "lng": -73.8870352
  },
  {
    "store_name": "Chico (Laval-Est)",
    "address": "5405 Boulevard Robert-Bourassa",
    "city": "Laval",
    "province": "QC",
    "postal_code": "H7E 0A4",
    "phone": "1-450-239-0354",
    "website": "https://www.chico.ca/en/boutique/chico-laval-east/",
    "lat": 45.6093223,
    "lng": -73.6941181
  },
  {
    "store_name": "Chico (Laval Ouest)",
    "address": "4511 Bd Arthur-Sauvé",
    "city": "Laval",
    "province": "QC",
    "postal_code": "H7R 5P8",
    "phone": "1-450-314-2442",
    "website": "https://www.chico.ca/boutique/chico-laval-ouest/",
    "lat": 45.553023,
    "lng": -73.8692805
  },
  {
    "store_name": "Pattes et Griffes (Laval)",
    "address": "1682 Boulevard Saint-Martin Ouest",
    "city": "Laval",
    "province": "QC",
    "postal_code": "H7S 1M9",
    "phone": "1-579-640-1857",
    "website": "https://www.pattesgriffes.com/pages/trouvez-une-boutique",
    "lat": 45.5674934,
    "lng": -73.7281624
  },
  {
    "store_name": "Pitou Minou & Compagnons (Kirkland)",
    "address": "16936 Autoroute Transcanadienne",
    "city": "Kirkland",
    "province": "QC",
    "postal_code": "H9H 0C5",
    "phone": "1-514-695-5005",
    "website": "https://pitou-minou.ca/global-pet-foods-succursales-quebec/",
    "lat": 45.4455967,
    "lng": -73.8727479
  },
  {
    "store_name": "Chico (Saint‑Laurent)",
    "address": "7001 Boulevard Saint-Laurent",
    "city": "Montréal",
    "province": "QC",
    "postal_code": "H2S 3E3",
    "phone": "1-514-657-5813",
    "website": "https://www.chico.ca/boutique/chico-boul-st-laurent-montreal/",
    "lat": 45.5338443,
    "lng": -73.6160308
  },
  {
    "store_name": "Doghaus",
    "address": "5671 Rue Sherbrooke Ouest",
    "city": "Montréal",
    "province": "QC",
    "postal_code": "H4A 1W6",
    "phone": "514-483-3555",
    "website": "https://www.doghausmtl.com/",
    "lat": 45.4709901,
    "lng": -73.615473
  },
  {
    "store_name": "Kong Animalerie",
    "address": "5555 Bd Décarie",
    "city": "Montréal",
    "province": "QC",
    "postal_code": "H3W 3H8",
    "phone": "514-662-8373",
    "website": "https://www.facebook.com/konganimalerie/",
    "lat": 45.4872046,
    "lng": -73.6361793
  },
  {
    "store_name": "Coquette et Finegueule",
    "address": "5203 Rue Bannantyne",
    "city": "Verdun",
    "province": "QC",
    "postal_code": "H4H 1E6",
    "phone": "514-761-4221",
    "website": "https://coquetteetfinegueule.com/",
    "lat": 45.4545622,
    "lng": -73.5766423
  },
  {
    "store_name": "Pitou Minou & Compagnons (Verdun)",
    "address": "4100 Rue Wellington",
    "city": "Verdun",
    "province": "QC",
    "postal_code": "H4G 1V7",
    "phone": "514-732-0555",
    "website": "https://pitou-minou.ca/global-pet-foods-succursales-quebec/",
    "lat": 45.4626003,
    "lng": -73.5667345
  },
  {
    "store_name": "Chico (Plateau Mont‑Royal)",
    "address": "2016 Avenue du Mont-Royal E.",
    "city": "Montréal",
    "province": "QC",
    "postal_code": "H2H 1J6",
    "phone": "514-521-0201",
    "website": "https://www.chico.ca/boutique/chico-plateau-mont-royal-montreal/",
    "lat": 45.534267,
    "lng": -73.570185
  },
  {
    "store_name": "Chico (Hochelaga‑Maisonneuve)",
    "address": "8646 Rue Hochelaga",
    "city": "Montréal",
    "province": "QC",
    "postal_code": "H1L 2M4",
    "phone": "514-419-9850",
    "website": "https://www.chico.ca/boutique/chico-rue-ontario-montreal/",
    "lat": 45.60068,
    "lng": -73.5200407
  },
  {
    "store_name": "Chico (Plateau Mont-Royal — alternate)",
    "address": "3911 Rue Ontario E.",
    "city": "Montréal",
    "province": "QC",
    "postal_code": "H1W 1S7",
    "phone": "514-527-1371",
    "website": "https://www.chico.ca/boutique/chico-rue-ontario-montreal/",
    "lat": 45.545224,
    "lng": -73.541437
  },
  {
    "store_name": "Animalerie Mamiwouff Inc",
    "address": "2048 Route 112",
    "city": "Saint-Césaire",
    "province": "QC",
    "postal_code": "J0L 1T0",
    "phone": "450-469-4560",
    "website": "https://www.animaleriemamiwouff.com/",
    "lat": 45.4144966,
    "lng": -73.0142098
  },
  {
    "store_name": "Animalerie Lamifidel",
    "address": "1295 Avenue du Pont S",
    "city": "Alma",
    "province": "QC",
    "postal_code": "G8B 2V6",
    "phone": "418-668-0117",
    "website": "https://www.lamifidel.net/",
    "lat": 48.539266,
    "lng": -71.648174
  },
  {
    "store_name": "Animalerie Petmobile Nathamo",
    "address": " Shawinigan",
    "city": "Shawinigan",
    "province": "QC",
    "postal_code": "G0X 1L0",
    "phone": "819-695-2329",
    "website": "",
    "lat": 46.5496755,
    "lng": -72.745301
  },
  {
    "store_name": "Animalerie Club Wouf Miaou",
    "address": "3175 boulevard des Récollets",
    "city": "Trois-Rivières",
    "province": "QC",
    "postal_code": "G9A 6M1",
    "phone": "+1 819-376-0973",
    "website": "https://woufmiaou.ca/",
    "lat": 46.3310748,
    "lng": -72.5699019
  },
  {
    "store_name": "Little Bit Western Feed and Supplies Inc.",
    "address": "372 Algonquin Blvd.West",
    "city": "Timmins",
    "province": "ON",
    "postal_code": "P4N 2S2",
    "phone": "",
    "website": "https://www.littlebitwestern.ca/",
    "lat": 48.4762586,
    "lng": -81.3469185
  },
  {
    "store_name": "K&K Pet Foods Dunbar",
    "address": "4595 Dunbar St",
    "city": "Vancouver",
    "province": "BC",
    "postal_code": "V6S 2G2",
    "phone": "+1 604-224-2513",
    "website": "https://www.kandkpetfoods.ca/",
    "lat": 49.2453329,
    "lng": -123.1854321
  },
  {
    "store_name": "Viva Pets",
    "address": "Edmonton",
    "city": "Edmonton",
    "province": "AB",
    "postal_code": "",
    "phone": "780-489-7387",
    "website": "https://www.vivapets.ca/",
    "lat": 53.578902,
    "lng": -113.5307188
  },
  {
    "store_name": "Best Cat",
    "address": "3455 Fairview St., Unit 15A",
    "city": "Burlington",
    "province": "ON",
    "postal_code": "L7N 2R4",
    "phone": "1-905-333-4060",
    "website": "https://bestcat.ca/",
    "lat": 43.348639,
    "lng": -79.808035
  },
  {
    "store_name": "Camlachie Feed",
    "address": "3912 Egremont Rd",
    "city": "Camlachie",
    "province": "Ontario",
    "postal_code": "N0N 1E0",
    "phone": "519-899-2285",
    "website": "https://www.camlachiefeed.ca/",
    "lat": 43.035472,
    "lng": -82.1611975
  }
]